year,trades,pnl_dollars,pnl_pips
2023,31,70.71654238866961,87.69999999998718
2024,29,-4.562799838606776,-48.700000000022214
2025,31,-221.34560011725995,-49.60000000001745
