year,trades,pnl_dollars,pnl_pips
2023,31,127.44759695380208,84.67099017090862
2024,29,-32.42693165746948,-10.517872573254294
2025,31,-195.8569209883299,-104.85148056234496
